[{"model": "admin.logentry", "pk": 1, "fields": {"action_time": "2021-09-02T10:10:25.684Z", "user": 1, "content_type": 4, "object_id": "2", "object_repr": "johndoe", "action_flag": 1, "change_message": "[{\"added\": {}}]"}}, {"model": "admin.logentry", "pk": 2, "fields": {"action_time": "2021-09-02T10:11:15.160Z", "user": 1, "content_type": 4, "object_id": "2", "object_repr": "johndoe", "action_flag": 2, "change_message": "[{\"changed\": {\"fields\": [\"First name\", \"Last name\"]}}]"}}, {"model": "admin.logentry", "pk": 3, "fields": {"action_time": "2021-09-02T10:11:43.945Z", "user": 1, "content_type": 4, "object_id": "1", "object_repr": "leand", "action_flag": 2, "change_message": "[{\"changed\": {\"fields\": [\"First name\", \"Last name\"]}}]"}}, {"model": "admin.logentry", "pk": 4, "fields": {"action_time": "2021-09-02T12:43:59.080Z", "user": 1, "content_type": 7, "object_id": "1d9b0a84-2713-4215-97d9-08ecf5b1b093", "object_repr": "Project object (1d9b0a84-2713-4215-97d9-08ecf5b1b093)", "action_flag": 1, "change_message": "[{\"added\": {}}]"}}, {"model": "admin.logentry", "pk": 5, "fields": {"action_time": "2021-09-02T12:44:34.886Z", "user": 1, "content_type": 7, "object_id": "eeaee309-0ec7-4ce3-8298-ce717b8ef238", "object_repr": "Project object (eeaee309-0ec7-4ce3-8298-ce717b8ef238)", "action_flag": 1, "change_message": "[{\"added\": {}}]"}}, {"model": "admin.logentry", "pk": 6, "fields": {"action_time": "2021-09-02T12:45:07.086Z", "user": 1, "content_type": 7, "object_id": "f015bb3e-94c2-48b5-8bf6-f0b69174016c", "object_repr": "Project object (f015bb3e-94c2-48b5-8bf6-f0b69174016c)", "action_flag": 1, "change_message": "[{\"added\": {}}]"}}, {"model": "admin.logentry", "pk": 7, "fields": {"action_time": "2021-09-02T13:59:31.411Z", "user": 1, "content_type": 8, "object_id": "4d8df31f-6798-4abb-aee8-ca15699d51bb", "object_repr": "Django", "action_flag": 1, "change_message": "[{\"added\": {}}]"}}, {"model": "admin.logentry", "pk": 8, "fields": {"action_time": "2021-09-02T13:59:40.171Z", "user": 1, "content_type": 8, "object_id": "fa29c891-0682-45b7-8295-20caaf9a6cc0", "object_repr": "Python", "action_flag": 1, "change_message": "[{\"added\": {}}]"}}, {"model": "admin.logentry", "pk": 9, "fields": {"action_time": "2021-09-02T13:59:54.856Z", "user": 1, "content_type": 8, "object_id": "88f1922a-f5f1-46fe-96a8-9267e76a8a91", "object_repr": "Javascript", "action_flag": 1, "change_message": "[{\"added\": {}}]"}}, {"model": "admin.logentry", "pk": 10, "fields": {"action_time": "2021-09-02T14:00:19.511Z", "user": 1, "content_type": 8, "object_id": "c20b5723-62e4-4f44-9e08-aad280810693", "object_repr": "React", "action_flag": 1, "change_message": "[{\"added\": {}}]"}}, {"model": "admin.logentry", "pk": 11, "fields": {"action_time": "2021-09-02T14:02:28.403Z", "user": 1, "content_type": 7, "object_id": "1d9b0a84-2713-4215-97d9-08ecf5b1b093", "object_repr": "Ecommerce WebSite", "action_flag": 2, "change_message": "[{\"changed\": {\"fields\": [\"Tags\"]}}]"}}, {"model": "admin.logentry", "pk": 12, "fields": {"action_time": "2021-09-02T14:02:38.910Z", "user": 1, "content_type": 8, "object_id": "88f1922a-f5f1-46fe-96a8-9267e76a8a91", "object_repr": "JavaScript", "action_flag": 2, "change_message": "[{\"changed\": {\"fields\": [\"Name\"]}}]"}}, {"model": "admin.logentry", "pk": 13, "fields": {"action_time": "2021-09-02T14:02:41.221Z", "user": 1, "content_type": 8, "object_id": "88f1922a-f5f1-46fe-96a8-9267e76a8a91", "object_repr": "JavaScript", "action_flag": 2, "change_message": "[]"}}, {"model": "admin.logentry", "pk": 14, "fields": {"action_time": "2021-09-02T14:03:23.775Z", "user": 1, "content_type": 9, "object_id": "2458682d-66a0-4b4f-a644-169381b6a587", "object_repr": "up", "action_flag": 1, "change_message": "[{\"added\": {}}]"}}, {"model": "admin.logentry", "pk": 15, "fields": {"action_time": "2021-09-02T14:04:18.304Z", "user": 1, "content_type": 7, "object_id": "f015bb3e-94c2-48b5-8bf6-f0b69174016c", "object_repr": "Mumble Social Network", "action_flag": 2, "change_message": "[{\"changed\": {\"fields\": [\"Tags\"]}}]"}}, {"model": "admin.logentry", "pk": 16, "fields": {"action_time": "2021-09-02T14:04:35.478Z", "user": 1, "content_type": 7, "object_id": "eeaee309-0ec7-4ce3-8298-ce717b8ef238", "object_repr": "Portfolio WebSite", "action_flag": 2, "change_message": "[{\"changed\": {\"fields\": [\"Tags\"]}}]"}}, {"model": "admin.logentry", "pk": 17, "fields": {"action_time": "2021-09-02T14:04:38.108Z", "user": 1, "content_type": 7, "object_id": "eeaee309-0ec7-4ce3-8298-ce717b8ef238", "object_repr": "Portfolio WebSite", "action_flag": 2, "change_message": "[]"}}, {"model": "admin.logentry", "pk": 18, "fields": {"action_time": "2021-09-02T14:07:23.609Z", "user": 1, "content_type": 7, "object_id": "c3dcd93a-b547-4387-94e4-89104f48d905", "object_repr": "Code Sniper", "action_flag": 1, "change_message": "[{\"added\": {}}]"}}, {"model": "admin.logentry", "pk": 19, "fields": {"action_time": "2021-09-02T14:08:11.786Z", "user": 1, "content_type": 7, "object_id": "285f3a9b-ebf4-49a2-813a-94e4d844c3bc", "object_repr": "Yoga Vive", "action_flag": 1, "change_message": "[{\"added\": {}}]"}}, {"model": "admin.logentry", "pk": 20, "fields": {"action_time": "2021-09-02T14:08:19.714Z", "user": 1, "content_type": 7, "object_id": "1d9b0a84-2713-4215-97d9-08ecf5b1b093", "object_repr": "Ecommerce WebSite", "action_flag": 2, "change_message": "[{\"changed\": {\"fields\": [\"Vote total\", \"Vote ratio\"]}}]"}}, {"model": "admin.logentry", "pk": 21, "fields": {"action_time": "2021-09-02T14:08:39.008Z", "user": 1, "content_type": 7, "object_id": "eeaee309-0ec7-4ce3-8298-ce717b8ef238", "object_repr": "Portfolio WebSite", "action_flag": 2, "change_message": "[{\"changed\": {\"fields\": [\"Vote total\", \"Vote ratio\"]}}]"}}, {"model": "admin.logentry", "pk": 22, "fields": {"action_time": "2021-09-02T14:08:56.627Z", "user": 1, "content_type": 7, "object_id": "f015bb3e-94c2-48b5-8bf6-f0b69174016c", "object_repr": "Mumble Social Network", "action_flag": 2, "change_message": "[{\"changed\": {\"fields\": [\"Vote total\", \"Vote ratio\"]}}]"}}, {"model": "admin.logentry", "pk": 23, "fields": {"action_time": "2021-09-02T14:27:36.603Z", "user": 1, "content_type": 9, "object_id": "a67397ad-309c-4859-a3a0-84d2696076fd", "object_repr": "up", "action_flag": 1, "change_message": "[{\"added\": {}}]"}}, {"model": "admin.logentry", "pk": 24, "fields": {"action_time": "2021-09-02T14:27:44.816Z", "user": 1, "content_type": 9, "object_id": "d6eee79e-78ed-41f9-8421-5a90c3d83727", "object_repr": "down", "action_flag": 1, "change_message": "[{\"added\": {}}]"}}, {"model": "admin.logentry", "pk": 25, "fields": {"action_time": "2021-09-06T17:57:23.426Z", "user": 1, "content_type": 7, "object_id": "f015bb3e-94c2-48b5-8bf6-f0b69174016c", "object_repr": "Mumble Social Network", "action_flag": 2, "change_message": "[{\"changed\": {\"fields\": [\"Featured image\"]}}]"}}, {"model": "admin.logentry", "pk": 26, "fields": {"action_time": "2021-09-06T23:28:22.444Z", "user": 1, "content_type": 7, "object_id": "50530de1-4b8b-4e4d-bc01-12fa8262e66e", "object_repr": "new proj", "action_flag": 2, "change_message": "[{\"changed\": {\"fields\": [\"Vote total\", \"Vote ratio\"]}}]"}}, {"model": "admin.logentry", "pk": 27, "fields": {"action_time": "2021-09-07T00:39:53.189Z", "user": 1, "content_type": 7, "object_id": "50530de1-4b8b-4e4d-bc01-12fa8262e66e", "object_repr": "new proj", "action_flag": 2, "change_message": "[{\"changed\": {\"fields\": [\"Source link\"]}}]"}}, {"model": "admin.logentry", "pk": 28, "fields": {"action_time": "2021-09-07T13:19:52.274Z", "user": 1, "content_type": 10, "object_id": "82bdfddc-9700-4df6-b707-4c855ddbf260", "object_repr": "johndoe", "action_flag": 1, "change_message": "[{\"added\": {}}]"}}, {"model": "admin.logentry", "pk": 29, "fields": {"action_time": "2021-09-07T13:21:36.930Z", "user": 1, "content_type": 10, "object_id": "82bdfddc-9700-4df6-b707-4c855ddbf260", "object_repr": "johndoe", "action_flag": 2, "change_message": "[{\"changed\": {\"fields\": [\"Social website\"]}}]"}}, {"model": "admin.logentry", "pk": 30, "fields": {"action_time": "2021-09-07T13:24:52.313Z", "user": 1, "content_type": 10, "object_id": "82bdfddc-9700-4df6-b707-4c855ddbf260", "object_repr": "johndoe", "action_flag": 2, "change_message": "[{\"changed\": {\"fields\": [\"Profile image\"]}}]"}}, {"model": "admin.logentry", "pk": 31, "fields": {"action_time": "2021-09-07T13:25:08.777Z", "user": 1, "content_type": 10, "object_id": "82bdfddc-9700-4df6-b707-4c855ddbf260", "object_repr": "johndoe", "action_flag": 2, "change_message": "[]"}}, {"model": "admin.logentry", "pk": 32, "fields": {"action_time": "2021-09-07T13:25:19.997Z", "user": 1, "content_type": 10, "object_id": "82bdfddc-9700-4df6-b707-4c855ddbf260", "object_repr": "johndoe", "action_flag": 2, "change_message": "[]"}}, {"model": "admin.logentry", "pk": 33, "fields": {"action_time": "2021-09-07T13:25:55.097Z", "user": 1, "content_type": 10, "object_id": "492ec61f-314f-4cc4-bc6c-d002d9fcb9f8", "object_repr": "leand", "action_flag": 1, "change_message": "[{\"added\": {}}]"}}, {"model": "admin.logentry", "pk": 34, "fields": {"action_time": "2021-09-07T13:26:21.747Z", "user": 1, "content_type": 10, "object_id": "82bdfddc-9700-4df6-b707-4c855ddbf260", "object_repr": "johndoe", "action_flag": 2, "change_message": "[{\"changed\": {\"fields\": [\"Profile image\"]}}]"}}, {"model": "admin.logentry", "pk": 35, "fields": {"action_time": "2021-09-07T13:27:23.200Z", "user": 1, "content_type": 10, "object_id": "82bdfddc-9700-4df6-b707-4c855ddbf260", "object_repr": "johndoe", "action_flag": 2, "change_message": "[{\"changed\": {\"fields\": [\"Profile image\"]}}]"}}, {"model": "admin.logentry", "pk": 36, "fields": {"action_time": "2021-09-07T13:36:41.909Z", "user": 1, "content_type": 7, "object_id": "f015bb3e-94c2-48b5-8bf6-f0b69174016c", "object_repr": "Mumble Social Network", "action_flag": 2, "change_message": "[{\"changed\": {\"fields\": [\"Owner\"]}}]"}}, {"model": "admin.logentry", "pk": 37, "fields": {"action_time": "2021-09-07T13:36:46.640Z", "user": 1, "content_type": 7, "object_id": "f015bb3e-94c2-48b5-8bf6-f0b69174016c", "object_repr": "Mumble Social Network", "action_flag": 2, "change_message": "[]"}}, {"model": "admin.logentry", "pk": 38, "fields": {"action_time": "2021-09-07T13:36:52.279Z", "user": 1, "content_type": 7, "object_id": "eeaee309-0ec7-4ce3-8298-ce717b8ef238", "object_repr": "Portfolio WebSite", "action_flag": 2, "change_message": "[{\"changed\": {\"fields\": [\"Owner\"]}}]"}}, {"model": "admin.logentry", "pk": 39, "fields": {"action_time": "2021-09-07T13:36:58.299Z", "user": 1, "content_type": 7, "object_id": "c3dcd93a-b547-4387-94e4-89104f48d905", "object_repr": "Code Sniper", "action_flag": 2, "change_message": "[{\"changed\": {\"fields\": [\"Owner\"]}}]"}}, {"model": "admin.logentry", "pk": 40, "fields": {"action_time": "2021-09-07T13:37:03.869Z", "user": 1, "content_type": 7, "object_id": "92e6d923-5a84-4ee3-a794-e1031ee1b864", "object_repr": "Cool Tuts", "action_flag": 2, "change_message": "[{\"changed\": {\"fields\": [\"Owner\"]}}]"}}, {"model": "admin.logentry", "pk": 41, "fields": {"action_time": "2021-09-07T13:37:14.151Z", "user": 1, "content_type": 7, "object_id": "50530de1-4b8b-4e4d-bc01-12fa8262e66e", "object_repr": "new proj", "action_flag": 2, "change_message": "[{\"changed\": {\"fields\": [\"Owner\"]}}]"}}, {"model": "admin.logentry", "pk": 42, "fields": {"action_time": "2021-09-07T13:37:19.290Z", "user": 1, "content_type": 7, "object_id": "285f3a9b-ebf4-49a2-813a-94e4d844c3bc", "object_repr": "Yoga Vive", "action_flag": 2, "change_message": "[{\"changed\": {\"fields\": [\"Owner\"]}}]"}}, {"model": "admin.logentry", "pk": 43, "fields": {"action_time": "2021-09-07T13:37:25.141Z", "user": 1, "content_type": 7, "object_id": "1d9b0a84-2713-4215-97d9-08ecf5b1b093", "object_repr": "Ecommerce WebSite", "action_flag": 2, "change_message": "[{\"changed\": {\"fields\": [\"Owner\"]}}]"}}, {"model": "admin.logentry", "pk": 44, "fields": {"action_time": "2021-09-07T15:22:55.920Z", "user": 1, "content_type": 10, "object_id": "82bdfddc-9700-4df6-b707-4c855ddbf260", "object_repr": "johndoe", "action_flag": 2, "change_message": "[{\"changed\": {\"fields\": [\"Profile image\"]}}]"}}, {"model": "admin.logentry", "pk": 45, "fields": {"action_time": "2021-09-07T15:37:07.294Z", "user": 1, "content_type": 11, "object_id": "a9188099-8f2c-438e-8218-bff8399cd908", "object_repr": "React", "action_flag": 1, "change_message": "[{\"added\": {}}]"}}, {"model": "admin.logentry", "pk": 46, "fields": {"action_time": "2021-09-07T15:37:19.054Z", "user": 1, "content_type": 11, "object_id": "98ce0f5c-7694-4409-b0e4-9c24a56e44dd", "object_repr": "Python", "action_flag": 1, "change_message": "[{\"added\": {}}]"}}, {"model": "admin.logentry", "pk": 47, "fields": {"action_time": "2021-09-07T15:38:07.352Z", "user": 1, "content_type": 11, "object_id": "f1c8eec8-a81a-40ab-8055-45790ff59bc6", "object_repr": "React", "action_flag": 1, "change_message": "[{\"added\": {}}]"}}, {"model": "admin.logentry", "pk": 48, "fields": {"action_time": "2021-09-07T15:38:14.956Z", "user": 1, "content_type": 11, "object_id": "312c31f6-5541-44be-b6b7-3f0f796effd1", "object_repr": "Java", "action_flag": 1, "change_message": "[{\"added\": {}}]"}}, {"model": "admin.logentry", "pk": 49, "fields": {"action_time": "2021-09-07T15:39:34.304Z", "user": 1, "content_type": 10, "object_id": "82bdfddc-9700-4df6-b707-4c855ddbf260", "object_repr": "johndoe", "action_flag": 2, "change_message": "[{\"changed\": {\"fields\": [\"Username\", \"Location\"]}}]"}}, {"model": "admin.logentry", "pk": 50, "fields": {"action_time": "2021-09-07T15:39:59.600Z", "user": 1, "content_type": 10, "object_id": "492ec61f-314f-4cc4-bc6c-d002d9fcb9f8", "object_repr": "leand", "action_flag": 2, "change_message": "[{\"changed\": {\"fields\": [\"Username\", \"Location\"]}}]"}}, {"model": "admin.logentry", "pk": 51, "fields": {"action_time": "2021-09-07T23:36:15.090Z", "user": 1, "content_type": 10, "object_id": "82bdfddc-9700-4df6-b707-4c855ddbf260", "object_repr": "johndoe", "action_flag": 2, "change_message": "[{\"changed\": {\"fields\": [\"Social website\"]}}]"}}, {"model": "admin.logentry", "pk": 52, "fields": {"action_time": "2021-09-08T11:10:07.755Z", "user": 1, "content_type": 10, "object_id": "492ec61f-314f-4cc4-bc6c-d002d9fcb9f8", "object_repr": "leand", "action_flag": 2, "change_message": "[]"}}, {"model": "admin.logentry", "pk": 53, "fields": {"action_time": "2021-09-08T11:11:41.760Z", "user": 1, "content_type": 10, "object_id": "492ec61f-314f-4cc4-bc6c-d002d9fcb9f8", "object_repr": "leand", "action_flag": 2, "change_message": "[]"}}, {"model": "admin.logentry", "pk": 54, "fields": {"action_time": "2021-09-08T11:20:33.707Z", "user": 1, "content_type": 10, "object_id": "b285aa41-3eb2-4599-8550-e095842f2b4d", "object_repr": "steveo", "action_flag": 1, "change_message": "[{\"added\": {}}]"}}, {"model": "admin.logentry", "pk": 55, "fields": {"action_time": "2021-09-08T11:20:49.860Z", "user": 1, "content_type": 10, "object_id": "b285aa41-3eb2-4599-8550-e095842f2b4d", "object_repr": "steveo", "action_flag": 3, "change_message": ""}}, {"model": "admin.logentry", "pk": 56, "fields": {"action_time": "2021-09-08T11:29:31.009Z", "user": 1, "content_type": 4, "object_id": "3", "object_repr": "test", "action_flag": 1, "change_message": "[{\"added\": {}}]"}}, {"model": "admin.logentry", "pk": 57, "fields": {"action_time": "2021-09-08T11:31:16.379Z", "user": 1, "content_type": 4, "object_id": "3", "object_repr": "test", "action_flag": 2, "change_message": "[{\"changed\": {\"fields\": [\"First name\", \"Last name\", \"Email address\"]}}]"}}, {"model": "admin.logentry", "pk": 58, "fields": {"action_time": "2021-09-08T11:33:12.234Z", "user": 1, "content_type": 4, "object_id": "3", "object_repr": "test", "action_flag": 2, "change_message": "[]"}}, {"model": "admin.logentry", "pk": 59, "fields": {"action_time": "2021-09-08T11:35:17.255Z", "user": 1, "content_type": 4, "object_id": "3", "object_repr": "test", "action_flag": 2, "change_message": "[]"}}, {"model": "admin.logentry", "pk": 60, "fields": {"action_time": "2021-09-08T11:36:43.624Z", "user": 1, "content_type": 4, "object_id": "3", "object_repr": "test", "action_flag": 2, "change_message": "[]"}}, {"model": "admin.logentry", "pk": 61, "fields": {"action_time": "2021-09-08T11:36:50.835Z", "user": 1, "content_type": 4, "object_id": "3", "object_repr": "test", "action_flag": 2, "change_message": "[]"}}, {"model": "admin.logentry", "pk": 62, "fields": {"action_time": "2021-09-08T11:38:33.685Z", "user": 1, "content_type": 4, "object_id": "3", "object_repr": "test", "action_flag": 2, "change_message": "[]"}}, {"model": "admin.logentry", "pk": 63, "fields": {"action_time": "2021-09-08T11:39:28.987Z", "user": 1, "content_type": 10, "object_id": "1c1f77c4-4755-4269-aa31-0c687eae8e96", "object_repr": "test", "action_flag": 2, "change_message": "[]"}}, {"model": "admin.logentry", "pk": 64, "fields": {"action_time": "2021-09-08T11:40:18.536Z", "user": 1, "content_type": 4, "object_id": "3", "object_repr": "test", "action_flag": 3, "change_message": ""}}, {"model": "admin.logentry", "pk": 65, "fields": {"action_time": "2021-09-08T11:40:36.406Z", "user": 1, "content_type": 4, "object_id": "4", "object_repr": "test", "action_flag": 1, "change_message": "[{\"added\": {}}]"}}, {"model": "admin.logentry", "pk": 66, "fields": {"action_time": "2021-09-08T11:41:19.996Z", "user": 1, "content_type": 4, "object_id": "4", "object_repr": "test", "action_flag": 2, "change_message": "[{\"changed\": {\"fields\": [\"First name\", \"Last name\", \"Email address\"]}}]"}}, {"model": "admin.logentry", "pk": 67, "fields": {"action_time": "2021-09-08T11:46:30.796Z", "user": 1, "content_type": 10, "object_id": "b3465d13-2fb7-4230-9957-86b032ecda59", "object_repr": "test", "action_flag": 3, "change_message": ""}}, {"model": "admin.logentry", "pk": 68, "fields": {"action_time": "2021-09-08T11:53:39.290Z", "user": 1, "content_type": 4, "object_id": "1", "object_repr": "leand", "action_flag": 2, "change_message": "[]"}}, {"model": "admin.logentry", "pk": 69, "fields": {"action_time": "2021-09-08T11:53:53.950Z", "user": 1, "content_type": 4, "object_id": "1", "object_repr": "leand", "action_flag": 2, "change_message": "[]"}}, {"model": "admin.logentry", "pk": 70, "fields": {"action_time": "2021-09-08T11:54:33.677Z", "user": 1, "content_type": 4, "object_id": "1", "object_repr": "leand", "action_flag": 2, "change_message": "[]"}}, {"model": "admin.logentry", "pk": 71, "fields": {"action_time": "2021-09-08T11:54:53.657Z", "user": 1, "content_type": 4, "object_id": "1", "object_repr": "leand", "action_flag": 2, "change_message": "[]"}}, {"model": "admin.logentry", "pk": 72, "fields": {"action_time": "2021-09-17T15:06:06.971Z", "user": 1, "content_type": 4, "object_id": "6", "object_repr": "genuino", "action_flag": 3, "change_message": ""}}, {"model": "admin.logentry", "pk": 73, "fields": {"action_time": "2021-09-17T15:13:44.423Z", "user": 1, "content_type": 4, "object_id": "5", "object_repr": "testing222", "action_flag": 2, "change_message": "[{\"changed\": {\"fields\": [\"Username\"]}}]"}}, {"model": "admin.logentry", "pk": 74, "fields": {"action_time": "2021-09-17T15:16:26.686Z", "user": 1, "content_type": 4, "object_id": "5", "object_repr": "testing", "action_flag": 2, "change_message": "[{\"changed\": {\"fields\": [\"Username\"]}}]"}}, {"model": "admin.logentry", "pk": 75, "fields": {"action_time": "2021-09-17T15:17:09.988Z", "user": 1, "content_type": 10, "object_id": "05cd5fea-c5ed-4425-8476-69effcbfc39c", "object_repr": "testing2", "action_flag": 2, "change_message": "[{\"changed\": {\"fields\": [\"Name\", \"Email\", \"Username\"]}}]"}}, {"model": "admin.logentry", "pk": 76, "fields": {"action_time": "2021-09-19T20:21:05.088Z", "user": 1, "content_type": 4, "object_id": "1", "object_repr": "leand", "action_flag": 2, "change_message": "[{\"changed\": {\"fields\": [\"Username\"]}}]"}}, {"model": "admin.logentry", "pk": 77, "fields": {"action_time": "2021-09-19T23:09:34.524Z", "user": 1, "content_type": 10, "object_id": "492ec61f-314f-4cc4-bc6c-d002d9fcb9f8", "object_repr": "leand", "action_flag": 2, "change_message": "[{\"changed\": {\"fields\": [\"Username\"]}}]"}}, {"model": "admin.logentry", "pk": 78, "fields": {"action_time": "2021-09-19T23:15:36.472Z", "user": 1, "content_type": 7, "object_id": "50530de1-4b8b-4e4d-bc01-12fa8262e66e", "object_repr": "new proj", "action_flag": 3, "change_message": ""}}, {"model": "admin.logentry", "pk": 79, "fields": {"action_time": "2021-09-19T23:15:36.623Z", "user": 1, "content_type": 7, "object_id": "470cc60d-3b6c-47f4-95fb-0d6f0436888a", "object_repr": "Test", "action_flag": 3, "change_message": ""}}, {"model": "admin.logentry", "pk": 80, "fields": {"action_time": "2021-09-19T23:16:44.790Z", "user": 1, "content_type": 7, "object_id": "180aaa3c-1165-4ac1-a0e6-0545554c09c3", "object_repr": "test", "action_flag": 1, "change_message": "[{\"added\": {}}]"}}, {"model": "admin.logentry", "pk": 81, "fields": {"action_time": "2021-09-21T00:58:22.720Z", "user": 1, "content_type": 10, "object_id": "05cd5fea-c5ed-4425-8476-69effcbfc39c", "object_repr": "testing2", "action_flag": 2, "change_message": "[{\"changed\": {\"fields\": [\"Bio\"]}}]"}}, {"model": "admin.logentry", "pk": 82, "fields": {"action_time": "2021-09-21T00:59:10.706Z", "user": 1, "content_type": 10, "object_id": "05cd5fea-c5ed-4425-8476-69effcbfc39c", "object_repr": "testing2", "action_flag": 2, "change_message": "[]"}}, {"model": "admin.logentry", "pk": 83, "fields": {"action_time": "2021-09-21T00:59:30.093Z", "user": 1, "content_type": 10, "object_id": "05cd5fea-c5ed-4425-8476-69effcbfc39c", "object_repr": "testing2", "action_flag": 2, "change_message": "[{\"changed\": {\"fields\": [\"Short intro\"]}}]"}}, {"model": "admin.logentry", "pk": 84, "fields": {"action_time": "2021-09-23T16:13:22.403Z", "user": 1, "content_type": 9, "object_id": "d6eee79e-78ed-41f9-8421-5a90c3d83727", "object_repr": "down", "action_flag": 2, "change_message": "[{\"changed\": {\"fields\": [\"Owner\"]}}]"}}, {"model": "admin.logentry", "pk": 85, "fields": {"action_time": "2021-09-23T16:13:28.087Z", "user": 1, "content_type": 9, "object_id": "a67397ad-309c-4859-a3a0-84d2696076fd", "object_repr": "up", "action_flag": 2, "change_message": "[{\"changed\": {\"fields\": [\"Owner\"]}}]"}}, {"model": "admin.logentry", "pk": 86, "fields": {"action_time": "2021-09-23T16:13:31.774Z", "user": 1, "content_type": 9, "object_id": "d6eee79e-78ed-41f9-8421-5a90c3d83727", "object_repr": "down", "action_flag": 2, "change_message": "[]"}}, {"model": "admin.logentry", "pk": 87, "fields": {"action_time": "2021-09-23T16:13:37.380Z", "user": 1, "content_type": 9, "object_id": "2458682d-66a0-4b4f-a644-169381b6a587", "object_repr": "up", "action_flag": 2, "change_message": "[{\"changed\": {\"fields\": [\"Owner\"]}}]"}}, {"model": "admin.logentry", "pk": 88, "fields": {"action_time": "2021-09-23T16:21:13.121Z", "user": 1, "content_type": 9, "object_id": "23d6d162-3653-4643-babc-5e3631071931", "object_repr": "up", "action_flag": 1, "change_message": "[{\"added\": {}}]"}}, {"model": "admin.logentry", "pk": 89, "fields": {"action_time": "2021-09-24T00:08:10.059Z", "user": 1, "content_type": 9, "object_id": "fbc9fd6e-44e1-48b1-85bb-d54755a01b0a", "object_repr": "up", "action_flag": 3, "change_message": ""}}, {"model": "admin.logentry", "pk": 90, "fields": {"action_time": "2021-09-24T00:08:10.217Z", "user": 1, "content_type": 9, "object_id": "d6eee79e-78ed-41f9-8421-5a90c3d83727", "object_repr": "down", "action_flag": 3, "change_message": ""}}, {"model": "admin.logentry", "pk": 91, "fields": {"action_time": "2021-09-24T00:08:10.357Z", "user": 1, "content_type": 9, "object_id": "a67397ad-309c-4859-a3a0-84d2696076fd", "object_repr": "up", "action_flag": 3, "change_message": ""}}, {"model": "admin.logentry", "pk": 92, "fields": {"action_time": "2021-09-24T00:08:10.501Z", "user": 1, "content_type": 9, "object_id": "630e720d-ebeb-48cf-9932-4d296ded9742", "object_repr": "up", "action_flag": 3, "change_message": ""}}, {"model": "admin.logentry", "pk": 93, "fields": {"action_time": "2021-09-24T00:08:10.624Z", "user": 1, "content_type": 9, "object_id": "2458682d-66a0-4b4f-a644-169381b6a587", "object_repr": "up", "action_flag": 3, "change_message": ""}}, {"model": "admin.logentry", "pk": 94, "fields": {"action_time": "2021-09-24T00:08:10.750Z", "user": 1, "content_type": 9, "object_id": "23d6d162-3653-4643-babc-5e3631071931", "object_repr": "up", "action_flag": 3, "change_message": ""}}, {"model": "admin.logentry", "pk": 95, "fields": {"action_time": "2021-09-24T00:08:10.924Z", "user": 1, "content_type": 9, "object_id": "1a7f9914-9313-4bfe-9270-54a60e3bb235", "object_repr": "up", "action_flag": 3, "change_message": ""}}, {"model": "admin.logentry", "pk": 96, "fields": {"action_time": "2021-09-24T00:10:53.256Z", "user": 1, "content_type": 9, "object_id": "254056d2-80bf-4b5b-bd59-0fe40d973e0c", "object_repr": "up", "action_flag": 3, "change_message": ""}}, {"model": "admin.logentry", "pk": 97, "fields": {"action_time": "2021-09-24T00:12:37.338Z", "user": 1, "content_type": 9, "object_id": "fe6117ee-e3dc-4a07-a80b-ffc0addf8118", "object_repr": "up", "action_flag": 3, "change_message": ""}}, {"model": "admin.logentry", "pk": 98, "fields": {"action_time": "2021-09-26T00:57:00.502Z", "user": 1, "content_type": 12, "object_id": "eac16d4b-ff87-4b4b-a0f0-96c051484e89", "object_repr": "nothing much", "action_flag": 1, "change_message": "[{\"added\": {}}]"}}, {"model": "admin.logentry", "pk": 99, "fields": {"action_time": "2021-09-26T00:57:43.745Z", "user": 1, "content_type": 12, "object_id": "ac543d46-7dbe-49e7-8548-11783aad2824", "object_repr": "testing", "action_flag": 1, "change_message": "[{\"added\": {}}]"}}, {"model": "admin.logentry", "pk": 100, "fields": {"action_time": "2021-09-26T00:57:54.831Z", "user": 1, "content_type": 12, "object_id": "eac16d4b-ff87-4b4b-a0f0-96c051484e89", "object_repr": "nothing much", "action_flag": 2, "change_message": "[]"}}, {"model": "admin.logentry", "pk": 101, "fields": {"action_time": "2021-09-26T00:58:03.917Z", "user": 1, "content_type": 12, "object_id": "ac543d46-7dbe-49e7-8548-11783aad2824", "object_repr": "testing", "action_flag": 2, "change_message": "[]"}}, {"model": "admin.logentry", "pk": 102, "fields": {"action_time": "2021-09-26T00:58:15.047Z", "user": 1, "content_type": 12, "object_id": "eac16d4b-ff87-4b4b-a0f0-96c051484e89", "object_repr": "nothing much", "action_flag": 2, "change_message": "[]"}}, {"model": "admin.logentry", "pk": 103, "fields": {"action_time": "2021-09-26T00:58:41.188Z", "user": 1, "content_type": 12, "object_id": "eac16d4b-ff87-4b4b-a0f0-96c051484e89", "object_repr": "nothing much", "action_flag": 2, "change_message": "[{\"changed\": {\"fields\": [\"Sender\", \"Recipient\", \"Name\", \"Email\"]}}]"}}, {"model": "admin.logentry", "pk": 104, "fields": {"action_time": "2021-09-26T00:59:00.868Z", "user": 1, "content_type": 12, "object_id": "ac543d46-7dbe-49e7-8548-11783aad2824", "object_repr": "testing", "action_flag": 2, "change_message": "[{\"changed\": {\"fields\": [\"Recipient\", \"Name\", \"Email\"]}}]"}}, {"model": "admin.logentry", "pk": 105, "fields": {"action_time": "2021-10-04T14:19:51.159Z", "user": 1, "content_type": 4, "object_id": "7", "object_repr": "leandrolive", "action_flag": 3, "change_message": ""}}, {"model": "admin.logentry", "pk": 106, "fields": {"action_time": "2021-10-04T14:20:25.778Z", "user": 1, "content_type": 10, "object_id": "41e83ade-be83-48fa-818b-df2ef651d03a", "object_repr": "leandrolive", "action_flag": 3, "change_message": ""}}, {"model": "admin.logentry", "pk": 107, "fields": {"action_time": "2021-10-04T14:23:31.539Z", "user": 1, "content_type": 10, "object_id": "38decdf0-cd7e-46af-941a-64e6d1b46078", "object_repr": "leandrolive", "action_flag": 3, "change_message": ""}}, {"model": "admin.logentry", "pk": 108, "fields": {"action_time": "2021-10-05T23:22:28.574Z", "user": 1, "content_type": 10, "object_id": "7bfb1545-0045-45bf-b3f7-b78be18a300b", "object_repr": "leandrolive", "action_flag": 2, "change_message": "[{\"changed\": {\"fields\": [\"Email\"]}}]"}}, {"model": "admin.logentry", "pk": 109, "fields": {"action_time": "2021-10-14T13:37:56.379Z", "user": 1, "content_type": 10, "object_id": "b463d172-57a3-411f-af85-e2d18bd713c6", "object_repr": "testeeeee", "action_flag": 1, "change_message": "[{\"added\": {}}]"}}, {"model": "admin.logentry", "pk": 110, "fields": {"action_time": "2021-10-14T13:38:18.718Z", "user": 1, "content_type": 10, "object_id": "b463d172-57a3-411f-af85-e2d18bd713c6", "object_repr": "testeeeee", "action_flag": 3, "change_message": ""}}, {"model": "admin.logentry", "pk": 111, "fields": {"action_time": "2021-10-14T13:39:13.347Z", "user": 1, "content_type": 4, "object_id": "10", "object_repr": "testeeeee", "action_flag": 1, "change_message": "[{\"added\": {}}]"}}, {"model": "admin.logentry", "pk": 112, "fields": {"action_time": "2021-10-14T13:39:34.519Z", "user": 1, "content_type": 4, "object_id": "10", "object_repr": "testeeeee", "action_flag": 3, "change_message": ""}}, {"model": "admin.logentry", "pk": 113, "fields": {"action_time": "2021-10-14T13:47:05.791Z", "user": 1, "content_type": 10, "object_id": "492ec61f-314f-4cc4-bc6c-d002d9fcb9f8", "object_repr": "leand", "action_flag": 2, "change_message": "[{\"changed\": {\"fields\": [\"Profile image\"]}}]"}}, {"model": "admin.logentry", "pk": 114, "fields": {"action_time": "2021-10-14T13:48:58.913Z", "user": 1, "content_type": 7, "object_id": "5cddecd6-0459-435c-a65f-f71292390ee3", "object_repr": "7", "action_flag": 2, "change_message": "[{\"changed\": {\"fields\": [\"Featured image\"]}}]"}}, {"model": "admin.logentry", "pk": 115, "fields": {"action_time": "2021-10-14T19:26:11.786Z", "user": 1, "content_type": 8, "object_id": "4d8df31f-6798-4abb-aee8-ca15699d51bb", "object_repr": "Django", "action_flag": 2, "change_message": "[]"}}, {"model": "admin.logentry", "pk": 116, "fields": {"action_time": "2021-10-15T14:01:54.538Z", "user": 1, "content_type": 4, "object_id": "9", "object_repr": "leandrolive", "action_flag": 2, "change_message": "[{\"changed\": {\"fields\": [\"password\"]}}]"}}, {"model": "auth.permission", "pk": 1, "fields": {"name": "Can add log entry", "content_type": 1, "codename": "add_logentry"}}, {"model": "auth.permission", "pk": 2, "fields": {"name": "Can change log entry", "content_type": 1, "codename": "change_logentry"}}, {"model": "auth.permission", "pk": 3, "fields": {"name": "Can delete log entry", "content_type": 1, "codename": "delete_logentry"}}, {"model": "auth.permission", "pk": 4, "fields": {"name": "Can view log entry", "content_type": 1, "codename": "view_logentry"}}, {"model": "auth.permission", "pk": 5, "fields": {"name": "Can add permission", "content_type": 2, "codename": "add_permission"}}, {"model": "auth.permission", "pk": 6, "fields": {"name": "Can change permission", "content_type": 2, "codename": "change_permission"}}, {"model": "auth.permission", "pk": 7, "fields": {"name": "Can delete permission", "content_type": 2, "codename": "delete_permission"}}, {"model": "auth.permission", "pk": 8, "fields": {"name": "Can view permission", "content_type": 2, "codename": "view_permission"}}, {"model": "auth.permission", "pk": 9, "fields": {"name": "Can add group", "content_type": 3, "codename": "add_group"}}, {"model": "auth.permission", "pk": 10, "fields": {"name": "Can change group", "content_type": 3, "codename": "change_group"}}, {"model": "auth.permission", "pk": 11, "fields": {"name": "Can delete group", "content_type": 3, "codename": "delete_group"}}, {"model": "auth.permission", "pk": 12, "fields": {"name": "Can view group", "content_type": 3, "codename": "view_group"}}, {"model": "auth.permission", "pk": 13, "fields": {"name": "Can add user", "content_type": 4, "codename": "add_user"}}, {"model": "auth.permission", "pk": 14, "fields": {"name": "Can change user", "content_type": 4, "codename": "change_user"}}, {"model": "auth.permission", "pk": 15, "fields": {"name": "Can delete user", "content_type": 4, "codename": "delete_user"}}, {"model": "auth.permission", "pk": 16, "fields": {"name": "Can view user", "content_type": 4, "codename": "view_user"}}, {"model": "auth.permission", "pk": 17, "fields": {"name": "Can add content type", "content_type": 5, "codename": "add_contenttype"}}, {"model": "auth.permission", "pk": 18, "fields": {"name": "Can change content type", "content_type": 5, "codename": "change_contenttype"}}, {"model": "auth.permission", "pk": 19, "fields": {"name": "Can delete content type", "content_type": 5, "codename": "delete_contenttype"}}, {"model": "auth.permission", "pk": 20, "fields": {"name": "Can view content type", "content_type": 5, "codename": "view_contenttype"}}, {"model": "auth.permission", "pk": 21, "fields": {"name": "Can add session", "content_type": 6, "codename": "add_session"}}, {"model": "auth.permission", "pk": 22, "fields": {"name": "Can change session", "content_type": 6, "codename": "change_session"}}, {"model": "auth.permission", "pk": 23, "fields": {"name": "Can delete session", "content_type": 6, "codename": "delete_session"}}, {"model": "auth.permission", "pk": 24, "fields": {"name": "Can view session", "content_type": 6, "codename": "view_session"}}, {"model": "auth.permission", "pk": 25, "fields": {"name": "Can add project", "content_type": 7, "codename": "add_project"}}, {"model": "auth.permission", "pk": 26, "fields": {"name": "Can change project", "content_type": 7, "codename": "change_project"}}, {"model": "auth.permission", "pk": 27, "fields": {"name": "Can delete project", "content_type": 7, "codename": "delete_project"}}, {"model": "auth.permission", "pk": 28, "fields": {"name": "Can view project", "content_type": 7, "codename": "view_project"}}, {"model": "auth.permission", "pk": 29, "fields": {"name": "Can add tag", "content_type": 8, "codename": "add_tag"}}, {"model": "auth.permission", "pk": 30, "fields": {"name": "Can change tag", "content_type": 8, "codename": "change_tag"}}, {"model": "auth.permission", "pk": 31, "fields": {"name": "Can delete tag", "content_type": 8, "codename": "delete_tag"}}, {"model": "auth.permission", "pk": 32, "fields": {"name": "Can view tag", "content_type": 8, "codename": "view_tag"}}, {"model": "auth.permission", "pk": 33, "fields": {"name": "Can add revire", "content_type": 9, "codename": "add_revire"}}, {"model": "auth.permission", "pk": 34, "fields": {"name": "Can change revire", "content_type": 9, "codename": "change_revire"}}, {"model": "auth.permission", "pk": 35, "fields": {"name": "Can delete revire", "content_type": 9, "codename": "delete_revire"}}, {"model": "auth.permission", "pk": 36, "fields": {"name": "Can view revire", "content_type": 9, "codename": "view_revire"}}, {"model": "auth.permission", "pk": 37, "fields": {"name": "Can add review", "content_type": 9, "codename": "add_review"}}, {"model": "auth.permission", "pk": 38, "fields": {"name": "Can change review", "content_type": 9, "codename": "change_review"}}, {"model": "auth.permission", "pk": 39, "fields": {"name": "Can delete review", "content_type": 9, "codename": "delete_review"}}, {"model": "auth.permission", "pk": 40, "fields": {"name": "Can view review", "content_type": 9, "codename": "view_review"}}, {"model": "auth.permission", "pk": 41, "fields": {"name": "Can add profile", "content_type": 10, "codename": "add_profile"}}, {"model": "auth.permission", "pk": 42, "fields": {"name": "Can change profile", "content_type": 10, "codename": "change_profile"}}, {"model": "auth.permission", "pk": 43, "fields": {"name": "Can delete profile", "content_type": 10, "codename": "delete_profile"}}, {"model": "auth.permission", "pk": 44, "fields": {"name": "Can view profile", "content_type": 10, "codename": "view_profile"}}, {"model": "auth.permission", "pk": 45, "fields": {"name": "Can add skill", "content_type": 11, "codename": "add_skill"}}, {"model": "auth.permission", "pk": 46, "fields": {"name": "Can change skill", "content_type": 11, "codename": "change_skill"}}, {"model": "auth.permission", "pk": 47, "fields": {"name": "Can delete skill", "content_type": 11, "codename": "delete_skill"}}, {"model": "auth.permission", "pk": 48, "fields": {"name": "Can view skill", "content_type": 11, "codename": "view_skill"}}, {"model": "auth.permission", "pk": 49, "fields": {"name": "Can add message", "content_type": 12, "codename": "add_message"}}, {"model": "auth.permission", "pk": 50, "fields": {"name": "Can change message", "content_type": 12, "codename": "change_message"}}, {"model": "auth.permission", "pk": 51, "fields": {"name": "Can delete message", "content_type": 12, "codename": "delete_message"}}, {"model": "auth.permission", "pk": 52, "fields": {"name": "Can view message", "content_type": 12, "codename": "view_message"}}, {"model": "auth.user", "pk": 1, "fields": {"password": "pbkdf2_sha256$260000$BVCxoV4R7H2DuFPldb3Gzc$WpEB7+O6lGEa8uIZK2jGroiNJ2pxtb1P4iBZNXhF41I=", "last_login": "2021-10-18T19:23:25.436Z", "is_superuser": true, "username": "leand", "first_name": "Leandro (updated)", "last_name": "Frazao", "email": "leandro@email.com", "is_staff": true, "is_active": true, "date_joined": "2021-09-02T10:04:30Z", "groups": [], "user_permissions": []}}, {"model": "auth.user", "pk": 2, "fields": {"password": "pbkdf2_sha256$260000$bhU1YvfjY48PxfGLJHiASl$3ccrDjW8Qzgjc1L6nxuHKPNkYxErQwvFs2iF07894jw=", "last_login": "2021-10-15T13:59:59.315Z", "is_superuser": false, "username": "johndoe", "first_name": "John", "last_name": "Doe", "email": "johndoe@email.com", "is_staff": false, "is_active": true, "date_joined": "2021-09-02T10:10:25Z", "groups": [], "user_permissions": []}}, {"model": "auth.user", "pk": 5, "fields": {"password": "pbkdf2_sha256$260000$iFlqoOXNnT2rR6bZEShBI1$u7+S5HTFDKdwkS7+hSsbYCWW/cLRs+dal2N9Te+DHIc=", "last_login": null, "is_superuser": false, "username": "testing2", "first_name": "TestO", "last_name": "", "email": "test@email.no", "is_staff": false, "is_active": true, "date_joined": "2021-09-13T14:35:06Z", "groups": [], "user_permissions": []}}, {"model": "auth.user", "pk": 9, "fields": {"password": "pbkdf2_sha256$260000$RCXl28nzTdwm5iuuvgilIX$zLysldHrM8aMzxCBbJ6ejLA4UmXraDtmWs3MQuoF5aU=", "last_login": "2021-10-15T16:33:10.535Z", "is_superuser": false, "username": "leandrolive", "first_name": "test", "last_name": "", "email": "leandrofrazao@hotmail.com", "is_staff": false, "is_active": true, "date_joined": "2021-10-04T14:23:42.909Z", "groups": [], "user_permissions": []}}, {"model": "contenttypes.contenttype", "pk": 1, "fields": {"app_label": "admin", "model": "logentry"}}, {"model": "contenttypes.contenttype", "pk": 2, "fields": {"app_label": "auth", "model": "permission"}}, {"model": "contenttypes.contenttype", "pk": 3, "fields": {"app_label": "auth", "model": "group"}}, {"model": "contenttypes.contenttype", "pk": 4, "fields": {"app_label": "auth", "model": "user"}}, {"model": "contenttypes.contenttype", "pk": 5, "fields": {"app_label": "contenttypes", "model": "contenttype"}}, {"model": "contenttypes.contenttype", "pk": 6, "fields": {"app_label": "sessions", "model": "session"}}, {"model": "contenttypes.contenttype", "pk": 7, "fields": {"app_label": "projects", "model": "project"}}, {"model": "contenttypes.contenttype", "pk": 8, "fields": {"app_label": "projects", "model": "tag"}}, {"model": "contenttypes.contenttype", "pk": 9, "fields": {"app_label": "projects", "model": "review"}}, {"model": "contenttypes.contenttype", "pk": 10, "fields": {"app_label": "users", "model": "profile"}}, {"model": "contenttypes.contenttype", "pk": 11, "fields": {"app_label": "users", "model": "skill"}}, {"model": "contenttypes.contenttype", "pk": 12, "fields": {"app_label": "users", "model": "message"}}, {"model": "sessions.session", "pk": "c4o7xn7nva3xw936uyir8zn9qd4j68ai", "fields": {"session_data": ".eJxVjDsOwyAQBe9CHSGv-RinTO8zoGUXgpMIJGNXUe4eIblI2jcz7y08Hnv2R4ubX1lcBYjL7xaQnrF0wA8s9yqpln1bg-yKPGmTS-X4up3u30HGlnsNEzCOLpACtM7YASbWgV0CDA5ZoyWj5jQYF3BUOlK0YBIlTW7mlMTnC--5OL8:1mbQCq:RUkADFs4XIBy8WqXbNE4lNZVFUczvpm5tWJre3b9rB4", "expire_date": "2021-10-29T16:37:16.884Z"}}, {"model": "sessions.session", "pk": "j4shzes3k47l8igk8r8pmddos29ofz73", "fields": {"session_data": ".eJxVjDsOwyAQBe9CHSGv-RinTO8zoGUXgpMIJGNXUe4eIblI2jcz7y08Hnv2R4ubX1lcBYjL7xaQnrF0wA8s9yqpln1bg-yKPGmTS-X4up3u30HGlnsNEzCOLpACtM7YASbWgV0CDA5ZoyWj5jQYF3BUOlK0YBIlTW7mlMTnC--5OL8:1mcX9u:8hD7OFS_4ugPeHCaXNIt1nZmsFAmaIzOrWaIWX-QpIg", "expire_date": "2021-11-01T18:14:50.414Z"}}, {"model": "sessions.session", "pk": "nw2akvwx7vec4gym5b7uin02nulq7b88", "fields": {"session_data": ".eJxVjDsOwyAQBe9CHSGv-RinTO8zoGUXgpMIJGNXUe4eIblI2jcz7y08Hnv2R4ubX1lcBYjL7xaQnrF0wA8s9yqpln1bg-yKPGmTS-X4up3u30HGlnsNEzCOLpACtM7YASbWgV0CDA5ZoyWj5jQYF3BUOlK0YBIlTW7mlMTnC--5OL8:1mcYCC:mL8DD9cCF74jr1b2RaB43JW6brsu0_bhZQj_OwaZ1CI", "expire_date": "2021-11-01T19:21:16.447Z"}}, {"model": "sessions.session", "pk": "r978jo2982zn19ig7w3co8c34997km2d", "fields": {"session_data": ".eJxVjDsOwyAQBe9CHSGv-RinTO8zoGUXgpMIJGNXUe4eIblI2jcz7y08Hnv2R4ubX1lcBYjL7xaQnrF0wA8s9yqpln1bg-yKPGmTS-X4up3u30HGlnsNEzCOLpACtM7YASbWgV0CDA5ZoyWj5jQYF3BUOlK0YBIlTW7mlMTnC--5OL8:1mcYEH:OISVnIxqPTQ_XPUcJCPiym6jHYpf3xcBfWTYJpcL_uY", "expire_date": "2021-11-01T19:23:25.539Z"}}, {"model": "sessions.session", "pk": "rczhgm7tjlbiyaqyip7mpr55h0galn3v", "fields": {"session_data": ".eJxVjDsOwyAQBe9CHSGv-RinTO8zoGUXgpMIJGNXUe4eIblI2jcz7y08Hnv2R4ubX1lcBYjL7xaQnrF0wA8s9yqpln1bg-yKPGmTS-X4up3u30HGlnsNEzCOLpACtM7YASbWgV0CDA5ZoyWj5jQYF3BUOlK0YBIlTW7mlMTnC--5OL8:1mbQCq:RUkADFs4XIBy8WqXbNE4lNZVFUczvpm5tWJre3b9rB4", "expire_date": "2021-10-29T16:37:16.500Z"}}, {"model": "sessions.session", "pk": "tjm8va2g6knw6siwfvd9z6etzenm36hd", "fields": {"session_data": ".eJxVjDsOwyAQBe9CHSGv-RinTO8zoGUXgpMIJGNXUe4eIblI2jcz7y08Hnv2R4ubX1lcBYjL7xaQnrF0wA8s9yqpln1bg-yKPGmTS-X4up3u30HGlnsNEzCOLpACtM7YASbWgV0CDA5ZoyWj5jQYF3BUOlK0YBIlTW7mlMTnC--5OL8:1mXtlB:kvY-7NckyOB6vrxdnPRDskkoNtjBsDaf2r9uOn1lSuU", "expire_date": "2021-10-19T23:22:09.047Z"}}, {"model": "projects.project", "pk": "09fa665e-adb5-41ec-ab10-d5d3c970dd12", "fields": {"owner": "492ec61f-314f-4cc4-bc6c-d002d9fcb9f8", "title": "weatherApp", "description": "Weather mobile app.", "featured_image": "default.jpg", "demo_link": null, "source_link": null, "vote_total": 1, "vote_ratio": 0, "created": "2021-09-21T12:49:41.862Z", "tags": ["88f1922a-f5f1-46fe-96a8-9267e76a8a91", "c20b5723-62e4-4f44-9e08-aad280810693"]}}, {"model": "projects.project", "pk": "180aaa3c-1165-4ac1-a0e6-0545554c09c3", "fields": {"owner": null, "title": "test", "description": "asdasd sad asdouasp bdpsuabd", "featured_image": "default.jpg", "demo_link": null, "source_link": null, "vote_total": 0, "vote_ratio": 0, "created": "2021-09-19T23:16:44.785Z", "tags": []}}, {"model": "projects.project", "pk": "1d9b0a84-2713-4215-97d9-08ecf5b1b093", "fields": {"owner": "492ec61f-314f-4cc4-bc6c-d002d9fcb9f8", "title": "Ecommerce WebSite", "description": "HAcker HERE\r\nLorem ipsum dolor sit amet, consectetur adipiscing elit. Nullam ultricies lorem non ante dapibus, ut placerat nisl auctor. Sed suscipit aliquet erat id semper. Suspendisse tincidunt finibus lorem a fermentum. Donec dui mi, elementum ac dapibus sed, mollis eu magna. Praesent ut augue egestas, porta mauris ut, lacinia turpis. Aliquam in ligula a nunc porttitor scelerisque. Mauris tortor lorem, tincidunt hendrerit purus aliquam, malesuada pulvinar magna. Phasellus nec semper velit, vel placerat odio. Quisque facilisis nisi at est placerat lacinia. Curabitur vulputate suscipit sem in porttitor.", "featured_image": "default.jpg", "demo_link": null, "source_link": null, "vote_total": 2, "vote_ratio": 50, "created": "2021-09-02T12:43:59.076Z", "tags": ["4d8df31f-6798-4abb-aee8-ca15699d51bb", "c20b5723-62e4-4f44-9e08-aad280810693"]}}, {"model": "projects.project", "pk": "285f3a9b-ebf4-49a2-813a-94e4d844c3bc", "fields": {"owner": "492ec61f-314f-4cc4-bc6c-d002d9fcb9f8", "title": "Yoga Vive", "description": "Lorem ipsum dolor sit amet, consectetur adipiscing elit. Nullam ultricies lorem non ante dapibus, ut placerat nisl auctor. Sed suscipit aliquet erat id semper. Suspendisse tincidunt finibus lorem a fermentum. Donec dui mi, elementum ac dapibus sed, mollis eu magna. Praesent ut augue egestas, porta mauris ut, lacinia turpis. Aliquam in ligula a nunc porttitor scelerisque. Mauris tortor lorem, tincidunt hendrerit purus aliquam, malesuada pulvinar magna. Phasellus nec semper velit, vel placerat odio. Quisque facilisis nisi at est placerat lacinia. Curabitur vulputate suscipit sem in porttitor.", "featured_image": "yogavive.png", "demo_link": null, "source_link": null, "vote_total": 2, "vote_ratio": 50, "created": "2021-09-02T14:08:11.780Z", "tags": []}}, {"model": "projects.project", "pk": "5cddecd6-0459-435c-a65f-f71292390ee3", "fields": {"owner": "492ec61f-314f-4cc4-bc6c-d002d9fcb9f8", "title": "7", "description": "", "featured_image": "", "demo_link": "https://www.facebook.com", "source_link": "htttps://www.facebook.com", "vote_total": 2, "vote_ratio": 50, "created": "2021-09-21T23:40:13.926Z", "tags": ["45c5901a-e6ff-45ab-acb1-9b8c2b76bd2b", "88f1922a-f5f1-46fe-96a8-9267e76a8a91", "c20b5723-62e4-4f44-9e08-aad280810693", "e7a183c2-395b-4889-aa29-470191f26cad", "fa29c891-0682-45b7-8295-20caaf9a6cc0"]}}, {"model": "projects.project", "pk": "603fc618-79de-4ad5-b19a-b07ff342b593", "fields": {"owner": "492ec61f-314f-4cc4-bc6c-d002d9fcb9f8", "title": "asdasd", "description": "", "featured_image": "default.jpg", "demo_link": null, "source_link": null, "vote_total": 0, "vote_ratio": 0, "created": "2021-10-16T00:29:21.488Z", "tags": ["bd0cea25-ec8a-4bdf-ab34-5f9dc8ad1eba"]}}, {"model": "projects.project", "pk": "83e520cc-c336-4cb8-9ac9-4a2c51288455", "fields": {"owner": "492ec61f-314f-4cc4-bc6c-d002d9fcb9f8", "title": "Heroku", "description": "AOSIDn", "featured_image": "default.jpg", "demo_link": "asodian", "source_link": "aosdina", "vote_total": 0, "vote_ratio": 0, "created": "2021-10-16T00:27:28.729Z", "tags": ["c20b5723-62e4-4f44-9e08-aad280810693", "d12c9d53-ce90-4e13-a111-f22894070fdc"]}}, {"model": "projects.project", "pk": "8c4e8432-fd2b-46c5-9188-8b096ffbd955", "fields": {"owner": "7bfb1545-0045-45bf-b3f7-b78be18a300b", "title": "asdasd", "description": "asdasd", "featured_image": "default.jpg", "demo_link": "asda", "source_link": "asdasd", "vote_total": 0, "vote_ratio": 0, "created": "2021-10-15T14:03:42.020Z", "tags": ["3ea8f347-7ff7-4063-a69e-398ca6834813"]}}, {"model": "projects.project", "pk": "92e6d923-5a84-4ee3-a794-e1031ee1b864", "fields": {"owner": "492ec61f-314f-4cc4-bc6c-d002d9fcb9f8", "title": "Cool Tuts", "description": "Lorem ipsum dolor sit amet, consectetur adipiscing elit. Nullam ultricies lorem non ante dapibus, ut placerat nisl auctor. Sed suscipit aliquet erat id semper. Suspendisse tincidunt finibus lorem a fermentum. Donec dui mi, elementum ac dapibus sed, mollis eu magna. Praesent ut augue egestas, porta mauris ut, lacinia turpis. Aliquam in ligula a nunc porttitor scelerisque. Mauris tortor lorem, tincidunt hendrerit purus aliquam, malesuada pulvinar magna. Phasellus nec semper velit, vel placerat odio. Quisque facilisis nisi at est placerat lacinia. Curabitur vulputate suscipit sem in porttitor. Cras luctus tortor vitae ullamcorper mollis. Nunc lobortis erat auctor egestas egestas. Morbi dapibus lacus diam, sit amet lacinia ex varius finibus. Donec sit amet dui massa. Aliquam vitae aliquam dolor, nec accumsan ante. Pellentesque pulvinar mattis diam, at fringilla neque interdum eu.", "featured_image": "default.jpg", "demo_link": null, "source_link": null, "vote_total": 2, "vote_ratio": 50, "created": "2021-09-05T22:52:22.106Z", "tags": ["4d8df31f-6798-4abb-aee8-ca15699d51bb", "88f1922a-f5f1-46fe-96a8-9267e76a8a91"]}}, {"model": "projects.project", "pk": "b85b9499-1a42-44be-8169-27e03be860b6", "fields": {"owner": "7bfb1545-0045-45bf-b3f7-b78be18a300b", "title": "123", "description": "123", "featured_image": "default.jpg", "demo_link": "123", "source_link": "123", "vote_total": 0, "vote_ratio": 0, "created": "2021-10-15T14:02:30.306Z", "tags": ["3a4cd98b-996f-4485-a50a-1f71c753de1a", "3ea8f347-7ff7-4063-a69e-398ca6834813"]}}, {"model": "projects.project", "pk": "c3dcd93a-b547-4387-94e4-89104f48d905", "fields": {"owner": "82bdfddc-9700-4df6-b707-4c855ddbf260", "title": "Code Sniper", "description": "Lorem ipsum dolor sit amet, consectetur adipiscing elit. Nullam ultricies lorem non ante dapibus, ut placerat nisl auctor. Sed suscipit aliquet erat id semper. Suspendisse tincidunt finibus lorem a fermentum. Donec dui mi, elementum ac dapibus sed, mollis eu magna. Praesent ut augue egestas, porta mauris ut, lacinia turpis. Aliquam in ligula a nunc porttitor scelerisque. Mauris tortor lorem, tincidunt hendrerit purus aliquam, malesuada pulvinar magna. Phasellus nec semper velit, vel placerat odio. Quisque facilisis nisi at est placerat lacinia. Curabitur vulputate suscipit sem in porttitor.", "featured_image": "default.jpg", "demo_link": null, "source_link": null, "vote_total": 1, "vote_ratio": 0, "created": "2021-09-02T14:07:23.604Z", "tags": ["390a56d7-911c-499a-9ff4-774693bb261f", "45c5901a-e6ff-45ab-acb1-9b8c2b76bd2b", "4d8df31f-6798-4abb-aee8-ca15699d51bb", "88f1922a-f5f1-46fe-96a8-9267e76a8a91", "c20b5723-62e4-4f44-9e08-aad280810693", "e7a183c2-395b-4889-aa29-470191f26cad", "fa29c891-0682-45b7-8295-20caaf9a6cc0"]}}, {"model": "projects.project", "pk": "eeaee309-0ec7-4ce3-8298-ce717b8ef238", "fields": {"owner": "492ec61f-314f-4cc4-bc6c-d002d9fcb9f8", "title": "Portfolio WebSite", "description": "Lorem ipsum dolor sit amet, consectetur adipiscing elit. Nullam ultricies lorem non ante dapibus, ut placerat nisl auctor. Sed suscipit aliquet erat id semper. Suspendisse tincidunt finibus lorem a fermentum. Donec dui mi, elementum ac dapibus sed, mollis eu magna. Praesent ut augue egestas, porta mauris ut, lacinia turpis. Aliquam in ligula a nunc porttitor scelerisque. Mauris tortor lorem, tincidunt hendrerit purus aliquam, malesuada pulvinar magna. Phasellus nec semper velit, vel placerat odio. Quisque facilisis nisi at est placerat lacinia. Curabitur vulputate suscipit sem in porttitor.", "featured_image": "default.jpg", "demo_link": null, "source_link": null, "vote_total": 1, "vote_ratio": 0, "created": "2021-09-02T12:44:34.882Z", "tags": ["4d8df31f-6798-4abb-aee8-ca15699d51bb", "fa29c891-0682-45b7-8295-20caaf9a6cc0"]}}, {"model": "projects.project", "pk": "f015bb3e-94c2-48b5-8bf6-f0b69174016c", "fields": {"owner": "82bdfddc-9700-4df6-b707-4c855ddbf260", "title": "Mumble Social Network", "description": "Lorem ipsum dolor sit amet, consectetur adipiscing elit. Nullam ultricies lorem non ante dapibus, ut placerat nisl auctor. Sed suscipit aliquet erat id semper. Suspendisse tincidunt finibus lorem a fermentum. Donec dui mi, elementum ac dapibus sed, mollis eu magna. Praesent ut augue egestas, porta mauris ut, lacinia turpis. Aliquam in ligula a nunc porttitor scelerisque. Mauris tortor lorem, tincidunt hendrerit purus aliquam, malesuada pulvinar magna. Phasellus nec semper velit, vel placerat odio. Quisque facilisis nisi at est placerat lacinia. Curabitur vulputate suscipit sem in porttitor.", "featured_image": "django-react-course.jpg", "demo_link": null, "source_link": null, "vote_total": 1, "vote_ratio": 0, "created": "2021-09-02T12:45:07.083Z", "tags": ["4d8df31f-6798-4abb-aee8-ca15699d51bb", "88f1922a-f5f1-46fe-96a8-9267e76a8a91", "c20b5723-62e4-4f44-9e08-aad280810693", "fa29c891-0682-45b7-8295-20caaf9a6cc0"]}}, {"model": "projects.project", "pk": "fb380bb6-327a-4734-b530-c596481bc4a3", "fields": {"owner": "82bdfddc-9700-4df6-b707-4c855ddbf260", "title": "asd", "description": "asdasd", "featured_image": "default.jpg", "demo_link": null, "source_link": null, "vote_total": 0, "vote_ratio": 0, "created": "2021-09-20T15:12:42.607Z", "tags": []}}, {"model": "projects.review", "pk": "1a44f7f3-e808-4142-816e-c0f5a4d483fc", "fields": {"owner": "492ec61f-314f-4cc4-bc6c-d002d9fcb9f8", "project": "09fa665e-adb5-41ec-ab10-d5d3c970dd12", "body": null, "value": "down", "created": "2021-10-09T02:35:07.364Z"}}, {"model": "projects.review", "pk": "2a8ea85a-5c1d-4ac8-9eef-cfc3be5af647", "fields": {"owner": "492ec61f-314f-4cc4-bc6c-d002d9fcb9f8", "project": "eeaee309-0ec7-4ce3-8298-ce717b8ef238", "body": null, "value": "down", "created": "2021-10-09T02:34:52.901Z"}}, {"model": "projects.review", "pk": "3383289b-f252-436c-939b-3509cd9e31e8", "fields": {"owner": "492ec61f-314f-4cc4-bc6c-d002d9fcb9f8", "project": "285f3a9b-ebf4-49a2-813a-94e4d844c3bc", "body": null, "value": "down", "created": "2021-10-09T01:53:34.710Z"}}, {"model": "projects.review", "pk": "5cd53190-eaec-4ba8-99a3-febc22820f4f", "fields": {"owner": "492ec61f-314f-4cc4-bc6c-d002d9fcb9f8", "project": "c3dcd93a-b547-4387-94e4-89104f48d905", "body": null, "value": "down", "created": "2021-10-09T01:58:08.507Z"}}, {"model": "projects.review", "pk": "652ec883-a827-4cdc-bef3-edfba6c2cfe5", "fields": {"owner": "492ec61f-314f-4cc4-bc6c-d002d9fcb9f8", "project": "1d9b0a84-2713-4215-97d9-08ecf5b1b093", "body": null, "value": "down", "created": "2021-10-09T02:34:54.421Z"}}, {"model": "projects.review", "pk": "6558d805-5f4c-414c-b5ca-db377a8dde95", "fields": {"owner": "492ec61f-314f-4cc4-bc6c-d002d9fcb9f8", "project": "92e6d923-5a84-4ee3-a794-e1031ee1b864", "body": null, "value": "down", "created": "2021-10-09T02:35:49.961Z"}}, {"model": "projects.review", "pk": "7a0e0d1b-a90b-4753-96a8-e7af52481b20", "fields": {"owner": "492ec61f-314f-4cc4-bc6c-d002d9fcb9f8", "project": "f015bb3e-94c2-48b5-8bf6-f0b69174016c", "body": null, "value": "down", "created": "2021-10-09T01:58:32.315Z"}}, {"model": "projects.review", "pk": "9f1f0b2b-d1e7-4dfb-8ec2-93aa6b743d66", "fields": {"owner": "82bdfddc-9700-4df6-b707-4c855ddbf260", "project": "92e6d923-5a84-4ee3-a794-e1031ee1b864", "body": "", "value": "up", "created": "2021-10-09T02:38:19.048Z"}}, {"model": "projects.review", "pk": "bbe95804-027c-4787-89a6-eaf66f9b5c5a", "fields": {"owner": "82bdfddc-9700-4df6-b707-4c855ddbf260", "project": "1d9b0a84-2713-4215-97d9-08ecf5b1b093", "body": "", "value": "up", "created": "2021-10-09T02:38:40.820Z"}}, {"model": "projects.review", "pk": "c59d79d6-0991-405f-a6fc-aceaf0377ebe", "fields": {"owner": "492ec61f-314f-4cc4-bc6c-d002d9fcb9f8", "project": "5cddecd6-0459-435c-a65f-f71292390ee3", "body": null, "value": "up", "created": "2021-10-09T02:35:48.803Z"}}, {"model": "projects.review", "pk": "cf14dac5-3001-4d64-99e9-155ea3241d2c", "fields": {"owner": "82bdfddc-9700-4df6-b707-4c855ddbf260", "project": "285f3a9b-ebf4-49a2-813a-94e4d844c3bc", "body": "", "value": "up", "created": "2021-10-09T02:38:02.145Z"}}, {"model": "projects.review", "pk": "f3a0adf8-10f2-4c85-9192-d05917ff7d5f", "fields": {"owner": "82bdfddc-9700-4df6-b707-4c855ddbf260", "project": "5cddecd6-0459-435c-a65f-f71292390ee3", "body": "", "value": "down", "created": "2021-10-09T02:37:37.143Z"}}, {"model": "projects.tag", "pk": "390a56d7-911c-499a-9ff4-774693bb261f", "fields": {"name": "R", "created": "2021-10-14T17:14:47.178Z"}}, {"model": "projects.tag", "pk": "3a4cd98b-996f-4485-a50a-1f71c753de1a", "fields": {"name": "JS", "created": "2021-10-15T15:07:33.725Z"}}, {"model": "projects.tag", "pk": "3ea8f347-7ff7-4063-a69e-398ca6834813", "fields": {"name": "HTML", "created": "2021-10-15T14:02:30.701Z"}}, {"model": "projects.tag", "pk": "45c5901a-e6ff-45ab-acb1-9b8c2b76bd2b", "fields": {"name": "Heroku", "created": "2021-10-13T16:02:06.469Z"}}, {"model": "projects.tag", "pk": "4d8df31f-6798-4abb-aee8-ca15699d51bb", "fields": {"name": "Django", "created": "2021-09-02T13:59:31.408Z"}}, {"model": "projects.tag", "pk": "88f1922a-f5f1-46fe-96a8-9267e76a8a91", "fields": {"name": "JavaScript", "created": "2021-09-02T13:59:54.853Z"}}, {"model": "projects.tag", "pk": "bd0cea25-ec8a-4bdf-ab34-5f9dc8ad1eba", "fields": {"name": "Docker", "created": "2021-10-16T00:27:29.784Z"}}, {"model": "projects.tag", "pk": "c20b5723-62e4-4f44-9e08-aad280810693", "fields": {"name": "React", "created": "2021-09-02T14:00:19.509Z"}}, {"model": "projects.tag", "pk": "d12c9d53-ce90-4e13-a111-f22894070fdc", "fields": {"name": "VB", "created": "2021-10-16T00:27:29.541Z"}}, {"model": "projects.tag", "pk": "e7a183c2-395b-4889-aa29-470191f26cad", "fields": {"name": "Delphi", "created": "2021-10-14T17:14:46.936Z"}}, {"model": "projects.tag", "pk": "fa29c891-0682-45b7-8295-20caaf9a6cc0", "fields": {"name": "Python", "created": "2021-09-02T13:59:40.167Z"}}, {"model": "users.profile", "pk": "05cd5fea-c5ed-4425-8476-69effcbfc39c", "fields": {"user": 5, "name": "TestO", "email": "test@email.no", "username": "testing2", "location": null, "short_intro": "ok", "bio": "nonono", "profile_image": "profiles/user-default.png", "social_github": null, "social_twitter": null, "social_linkedin": null, "social_youtube": null, "social_website": null, "created": "2021-09-13T14:35:07.309Z"}}, {"model": "users.profile", "pk": "492ec61f-314f-4cc4-bc6c-d002d9fcb9f8", "fields": {"user": 1, "name": "Leandro (updated)", "email": "leandro@email.com", "username": "leand", "location": "Dublin, Ireland", "short_intro": "Hey im leandro", "bio": "Full stack developer.", "profile_image": "profiles/tempFileForShare_20200329-032605_doGHkAJ.jpg", "social_github": null, "social_twitter": null, "social_linkedin": null, "social_youtube": null, "social_website": null, "created": "2021-09-07T13:25:55.094Z"}}, {"model": "users.profile", "pk": "7bfb1545-0045-45bf-b3f7-b78be18a300b", "fields": {"user": 9, "name": "test", "email": "leandrofrazao@hotmail.com", "username": "leandrolive", "location": null, "short_intro": null, "bio": "", "profile_image": "profiles/user-default.png", "social_github": null, "social_twitter": null, "social_linkedin": null, "social_youtube": null, "social_website": null, "created": "2021-10-04T14:23:43.326Z"}}, {"model": "users.profile", "pk": "82bdfddc-9700-4df6-b707-4c855ddbf260", "fields": {"user": 2, "name": "John", "email": "johndoe@email.com", "username": "johndoe", "location": "Alaska, USA", "short_intro": "Hey i am john doe", "bio": "Lorem ipsum dolor sit amet, consectetur adipiscing elit, sed do eiusmod tempor incididunt ut labore et dolore magna aliqua. Ut enim ad minim veniam, quis nostrud exercitation ullamco laboris nisi ut aliquip ex ea commodo consequat. Duis aute irure dolor in reprehenderit in voluptate velit esse cillum dolore eu fugiat nulla pariatur. Excepteur sint occaecat cupidatat non proident, sunt in culpa qui officia deserunt mollit anim id est laborum.", "profile_image": "profiles/user-default_laGYFFF.png", "social_github": null, "social_twitter": null, "social_linkedin": null, "social_youtube": null, "social_website": "http://www.johndoe.com", "created": "2021-09-07T13:19:52.271Z"}}, {"model": "users.skill", "pk": "312c31f6-5541-44be-b6b7-3f0f796effd1", "fields": {"owner": "492ec61f-314f-4cc4-bc6c-d002d9fcb9f8", "name": "Java", "description": "Lorem ipsum dolor sit amet, consectetur adipiscing elit, sed do eiusmod tempor incididunt ut labore et dolore magna aliqua. Ut enim ad minim veniam, quis nostrud exercitation ullamco laboris nisi ut aliquip ex ea commodo consequat. Duis aute irure dolor in reprehenderit in voluptate velit esse cillum dolore eu fugiat nulla pariatur. Excepteur sint occaecat cupidatat non proident, sunt in culpa qui officia deserunt mollit anim id est laborum.", "created": "2021-09-07T15:38:14.953Z"}}, {"model": "users.skill", "pk": "98ce0f5c-7694-4409-b0e4-9c24a56e44dd", "fields": {"owner": "492ec61f-314f-4cc4-bc6c-d002d9fcb9f8", "name": "Python", "description": "Lorem ipsum dolor sit amet, consectetur adipiscing elit, sed do eiusmod tempor incididunt ut labore et dolore magna aliqua. Ut enim ad minim veniam, quis nostrud exercitation ullamco laboris nisi ut aliquip ex ea commodo consequat. Duis aute irure dolor in reprehenderit in voluptate velit esse cillum dolore eu fugiat nulla pariatur. Excepteur sint occaecat cupidatat non proident, sunt in culpa qui officia deserunt mollit anim id est laborum.", "created": "2021-09-07T15:37:19.051Z"}}, {"model": "users.skill", "pk": "a9188099-8f2c-438e-8218-bff8399cd908", "fields": {"owner": "82bdfddc-9700-4df6-b707-4c855ddbf260", "name": "React-Native", "description": "Lorem ipsum dolor sit amet, consectetur adipiscing elit, sed do eiusmod tempor incididunt ut labore et dolore magna aliqua. Ut enim ad minim veniam, quis nostrud exercitation ullamco laboris nisi ut aliquip ex ea commodo consequat. Duis aute irure dolor in reprehenderit in voluptate velit esse cillum dolore eu fugiat nulla pariatur. Excepteur sint occaecat cupidatat non proident, sunt in culpa qui officia deserunt mollit anim id est laborum.", "created": "2021-09-07T15:37:07.290Z"}}, {"model": "users.skill", "pk": "ae08617b-29c8-4462-a350-bc9c6473ca57", "fields": {"owner": "492ec61f-314f-4cc4-bc6c-d002d9fcb9f8", "name": "Delphi", "description": "", "created": "2021-09-20T12:54:36.370Z"}}, {"model": "users.skill", "pk": "f1c8eec8-a81a-40ab-8055-45790ff59bc6", "fields": {"owner": "492ec61f-314f-4cc4-bc6c-d002d9fcb9f8", "name": "React", "description": "", "created": "2021-09-07T15:38:07.349Z"}}, {"model": "users.message", "pk": "234d2fdd-10c7-4909-86e4-dcf034705b6c", "fields": {"sender": null, "recipient": "492ec61f-314f-4cc4-bc6c-d002d9fcb9f8", "name": "josefino", "email": "josefino@gmail.com", "subject": "testando essa bagaa", "body": "ola.. estou aqui. querendo te.", "is_read": true, "created": "2021-10-02T02:04:10.358Z"}}, {"model": "users.message", "pk": "7c976ce7-ef14-4fde-be8b-8bd22d4c511f", "fields": {"sender": "492ec61f-314f-4cc4-bc6c-d002d9fcb9f8", "recipient": "05cd5fea-c5ed-4425-8476-69effcbfc39c", "name": "Leandro (updated)", "email": "leandro@email.com", "subject": "aqui  o Leandro", "body": "seu babaca", "is_read": false, "created": "2021-10-02T02:05:13.612Z"}}, {"model": "users.message", "pk": "ac543d46-7dbe-49e7-8548-11783aad2824", "fields": {"sender": null, "recipient": "492ec61f-314f-4cc4-bc6c-d002d9fcb9f8", "name": "Jonny", "email": "jonny@email.com", "subject": "testing", "body": "testing this feature", "is_read": true, "created": "2021-09-26T00:57:43.743Z"}}, {"model": "users.message", "pk": "eac16d4b-ff87-4b4b-a0f0-96c051484e89", "fields": {"sender": "82bdfddc-9700-4df6-b707-4c855ddbf260", "recipient": "492ec61f-314f-4cc4-bc6c-d002d9fcb9f8", "name": "John", "email": "john@email.com", "subject": "nothing much", "body": "nothing to say!!", "is_read": true, "created": "2021-09-26T00:57:00.199Z"}}]
